{
    "beethoven": {
        "10": 0.1402116402116402,
        "9": 0.1984126984126984,
        "8": 0.2037037037037037,
        "7": 0.21428571428571427,
        "11": 0.10052910052910052,
        "6": 0.06084656084656084,
        "12": 0.023809523809523808,
        "3": 0.013227513227513227,
        "2": 0.007936507936507936,
        "4": 0.005291005291005291,
        "5": 0.031746031746031744
    },
    "holst": {
        "6": 0.10197368421052631,
        "8": 0.1875,
        "9": 0.1118421052631579,
        "7": 0.16776315789473684,
        "10": 0.10197368421052631,
        "5": 0.03289473684210526,
        "12": 0.15789473684210525,
        "11": 0.11842105263157894,
        "4": 0.013157894736842105,
        "3": 0.006578947368421052
    },
    "shostakovich": {
        "4": 0.008902077151335312,
        "7": 0.09495548961424333,
        "6": 0.04451038575667656,
        "8": 0.12166172106824925,
        "12": 0.2403560830860534,
        "10": 0.1572700296735905,
        "11": 0.17507418397626112,
        "9": 0.13353115727002968,
        "5": 0.017804154302670624,
        "3": 0.005934718100890208
    },
    "sibelius": {
        "11": 0.07782101167315175,
        "12": 0.17898832684824903,
        "9": 0.14007782101167315,
        "10": 0.12840466926070038,
        "5": 0.011673151750972763,
        "7": 0.22957198443579765,
        "8": 0.1828793774319066,
        "6": 0.042801556420233464,
        "1": 0.0038910505836575876,
        "4": 0.0038910505836575876
    },
    "mozart": {
        "8": 0.18518518518518517,
        "10": 0.22685185185185186,
        "11": 0.18981481481481483,
        "12": 0.1111111111111111,
        "9": 0.18981481481481483,
        "7": 0.05092592592592592,
        "6": 0.041666666666666664,
        "5": 0.004629629629629629
    },
    "mahler": {
        "2": 0.017316017316017316,
        "6": 0.0735930735930736,
        "10": 0.15151515151515152,
        "9": 0.1774891774891775,
        "12": 0.1471861471861472,
        "7": 0.10822510822510822,
        "8": 0.16017316017316016,
        "11": 0.09956709956709957,
        "5": 0.025974025974025976,
        "4": 0.017316017316017316,
        "3": 0.012987012987012988,
        "1": 0.008658008658008658
    },
    "rimski-korsakov": {
        "6": 0.05860805860805861,
        "9": 0.12087912087912088,
        "8": 0.18681318681318682,
        "7": 0.16117216117216118,
        "11": 0.11355311355311355,
        "10": 0.1391941391941392,
        "12": 0.14652014652014653,
        "5": 0.047619047619047616,
        "1": 0.003663003663003663,
        "4": 0.01098901098901099,
        "3": 0.01098901098901099
    },
    "debussy": {
        "8": 0.08333333333333333,
        "10": 0.19791666666666666,
        "11": 0.15625,
        "12": 0.19791666666666666,
        "9": 0.11458333333333333,
        "6": 0.07291666666666667,
        "7": 0.10416666666666667,
        "5": 0.041666666666666664,
        "3": 0.010416666666666666,
        "4": 0.020833333333333332
    },
    "wagner": {
        "5": 0.020689655172413793,
        "7": 0.04827586206896552,
        "8": 0.15172413793103448,
        "9": 0.13793103448275862,
        "10": 0.15172413793103448,
        "11": 0.1724137931034483,
        "12": 0.2206896551724138,
        "6": 0.04827586206896552,
        "3": 0.020689655172413793,
        "2": 0.013793103448275862,
        "4": 0.013793103448275862
    },
    "prokofiev": {
        "11": 0.22,
        "10": 0.16,
        "12": 0.52,
        "9": 0.08,
        "5": 0.02
    },
    "stravinsky": {
        "8": 0.09615384615384616,
        "7": 0.09615384615384616,
        "12": 0.34134615384615385,
        "10": 0.19230769230769232,
        "11": 0.15865384615384615,
        "4": 0.004807692307692308,
        "6": 0.03365384615384615,
        "9": 0.0625,
        "5": 0.014423076923076924
    },
    "dvorak": {
        "6": 0.10047846889952153,
        "8": 0.23444976076555024,
        "5": 0.05741626794258373,
        "7": 0.20574162679425836,
        "11": 0.06698564593301436,
        "4": 0.028708133971291867,
        "9": 0.1722488038277512,
        "10": 0.08133971291866028,
        "12": 0.04784688995215311,
        "3": 0.004784688995215311
    },
    "bernstein": {
        "9": 0.08585858585858586,
        "11": 0.1717171717171717,
        "10": 0.21212121212121213,
        "8": 0.11616161616161616,
        "7": 0.05555555555555555,
        "12": 0.30808080808080807,
        "6": 0.04040404040404041,
        "3": 0.005050505050505051,
        "5": 0.005050505050505051
    }
}